<?xml version="1.0" encoding="UTF-8" standalone="yes"?>
<addon id="script.fncablehowto"
       name="[COLOR orange]CableOi [/COLOR][COLOR white]How to...[/COLOR]"
       version="2.0.0"
       provider-name="CableOi">
  <requires>
    <import addon="xbmc.python" version="2.1.0"/>
  </requires>
  <extension point="xbmc.python.pluginsource" library="default.py">
        <provides>executable</provides>
  </extension>
  <extension point="xbmc.addon.metadata">
    <platform>all</platform>
    <summary></summary>
    <description>

    </description>
    <language></language>
    <license></license>
    <source></source>
    <forum></forum>
    <website></website>
  </extension>
</addon>
