<?xml version="1.0" encoding="UTF-8" standalone="yes"?>
<addon id="plugin.video.ccloudtvinternational"
       name="cCloud TV International"
       version="1.6.0"
       provider-name="podgod, Coder Alpha, FnCable">
  <requires>
    <import addon="xbmc.python" version="2.1.0"/>
    <import addon="script.module.beautifulsoup" version="3.2.1"/>
    <import addon="script.module.simple.downloader" version="0.9.4"/>
    <import addon="script.module.beautifulsoup4" />
    <import addon="script.module.simple.downloader" version="0.9.4"/>
    <import addon="script.module.requests" />
    <import addon="script.module.httplib2" />
    <import addon="script.module.youtube.dl" optional="true"/>
    <import addon="plugin.video.youtube" />
    <import addon="script.module.urlresolver" optional="true"/>
    <import addon="script.module.simplejson" />    
  </requires>
  <extension point="xbmc.python.pluginsource" library="default.py">
    <provides>video</provides>
  </extension>
  <extension point="xbmc.addon.metadata">
    <summary>All the best from cCloud TV</summary>
    <description>cCloud International is an open source cloud based social IPTV service.
    </description>
	<license>http://www.gnu.org/licenses/</license>
    <forum>http://ccloudtv.org/forum</forum>
    <website>http://ccloudtv.org</website>
    <website>http://facebook.com/ccloudapp</website>
    <website>http://twitter.com/ccloudapp</website>
    <email></email>
    <platform>all</platform>
  </extension>
</addon>