<?xml version="1.0" encoding="UTF-8" standalone="yes"?>
<addon id="plugin.video.liveshedule" name="CableOi Live Schedule" version="2016.10.18" provider-name="CableOi">
  <requires>
   <import addon="xbmc.python" version="2.19.0"/>   
   <import addon="script.module.simplejson" version="3.3.0"/>  
   <import addon="script.module.pytz" version="2014.2" />   
   <import addon="script.module.beautifulsoup4" version="4.3.2" />   
   <import addon="script.module.html5lib" version="0.999.0" />   
  </requires>
  <extension point="xbmc.python.pluginsource" library="default.py">
        <provides>video</provides>
  </extension>  
  <extension point="xbmc.addon.metadata">    
    <platform>all</platform>
    <summary lang="en">Find your favourite program when, where</summary>
    <disclaimer lang="en"></disclaimer>
    <language>en</language>
    <platform>all</platform>
  </extension>
</addon>
